,l_1,l_2,l_3,l_4,l_5,l_6,p_1,p_2,p_3,p_4,p_5,p_6,brows_class
0,142.43140797117252,147.81331654132504,151.24808993443816,156.52900688183914,148.7994853960194,153.56225080685812,148.21778800623787,146.02307544545957,140.32887319640608,155.04524942542105,147.52880770915152,153.09945362309637,round
1,125.42840434624335,134.0245701926736,140.6583040536699,144.9484053186078,133.88185465388517,141.00218868350527,140.80769485409826,135.14288194698733,130.76576537661393,151.61664585847018,139.7878579950801,142.51842687944216,round
2,135.66814206832873,142.09963053775255,144.14516149171075,151.96883212874846,143.92533869236183,150.41945332273386,149.13837487403876,145.71927525937355,139.33169522713266,154.29198404783185,146.51270547906165,152.3587457782672,round
3,142.77913719091435,143.56088957116464,146.12305844810518,160.37156175309596,150.8442783716436,150.6859059200664,140.19442890773482,134.82038999425293,111.16125981682828,124.89070150750484,120.29644817623846,145.40771131249008,round
4,129.032175928482,130.83638737994676,138.8495426805374,153.22884978553788,138.32740424172655,137.27330798080206,140.66728567823915,144.01353937949673,140.02480772571047,156.61118515369773,150.39554925399509,156.24284598494103,round
5,120.61536194559481,130.92486863066506,140.9061411137705,140.71059313749964,128.61583606048754,136.1313674306825,140.9094045289013,134.72387789905451,131.8902135854786,153.87909325603397,140.76004084518271,141.65109602506368,round
6,127.76163903235987,132.44958648566964,134.7854100688706,149.61317604705323,138.51178052121102,142.99562049875985,134.53205100108102,131.28046057093374,127.82630415600323,151.29929504366243,138.8199797893878,141.49717912488882,round
7,128.46336635120292,136.053916632817,141.31618848819681,147.33908727832622,136.7357045889284,143.39666833780015,145.8790732698829,142.1250163489018,136.99904114756075,153.84979436163303,144.6843388209321,149.014248927927,round
8,141.4885911255455,144.16234704572173,146.3546249606759,159.0389342654584,149.6973192795119,151.92751306414704,149.38270868433398,143.67858927205086,140.90213945296452,158.80119380616543,148.0998430822663,149.0755409785772,round
9,134.30972280213493,138.27220489073449,141.43678131537317,153.38482129458046,143.07485089634204,146.41731399664604,127.23483398157467,124.36885223989246,117.37770277133174,143.0758963348383,130.19730188757057,137.10753366061152,round
10,121.14858098619503,128.81138403675843,137.69065712202226,144.09027692082233,130.42607874009914,135.6902771978651,137.44119892583993,130.74666748454496,125.47476919024157,148.3245312618908,134.7540968767293,138.27048792318357,round
11,130.30784891623503,134.25646984645604,134.95787075795053,151.2323506611562,140.71156634728186,144.91786560540157,134.47319087870864,135.8990491412461,133.85121015182483,155.5051741695089,145.2556203521031,148.10584762552088,round
12,131.19695595899796,138.95710554030333,145.443511531505,148.52771439969436,138.42685463232743,144.76316757907517,146.1125217732883,138.1658506147436,129.41275603579564,147.0305960965379,136.49758773901752,143.2432072429367,round
13,120.73793482770128,133.7981669355479,140.47354697193,139.11646241872467,129.16238992081114,141.22094992115962,143.90766544146965,139.30150409496935,134.8279411192721,153.2628899421941,142.9077987220461,146.1752247766622,round
14,133.05883279318158,137.22554066625997,136.78991060824606,153.052519080733,143.67317404787977,148.5491769858723,137.40794232356228,137.75478518871603,131.55112383714567,150.6569527657957,141.8260195613773,148.95316603047888,round
15,119.50563337617629,131.4813885346628,138.97153131661966,139.62657070937152,128.80669803206507,139.7319865671442,147.50880319818867,143.68906783498815,142.6794706836969,160.78187689321445,150.4935516983599,150.15088149935718,round
16,120.73793482770128,133.7981669355479,140.47354697193,139.11646241872467,129.16238992081114,141.22094992115962,143.90766544146965,139.30150409496935,134.8279411192721,153.2628899421941,142.9077987220461,146.1752247766622,round
17,124.60439315080247,132.80735259237116,137.16150837774373,144.7033736809019,134.4016550524818,141.95637744814468,139.00502230095606,137.24355739068946,134.38394009160078,155.01876039378396,144.6244359454225,147.16451828386113,round
18,125.00359178136793,129.72194204100566,132.11287428744677,148.25353281060578,136.2577890788894,140.71059313749967,129.6106882400266,127.96499199835615,124.18271388316573,148.40443244044909,136.17882017296856,139.8211234942731,round
19,146.82148834060726,146.63363399894044,146.0803764910281,163.92642583525364,155.38698627494966,155.37979626149564,138.9867595749666,137.03469610528194,130.33812690476117,148.86102756302114,139.67416371113077,146.53982959762902,round
20,147.12838793570882,147.14427804956702,146.97613244420336,163.96005669395035,156.02872467684585,156.1169046644634,141.0958615445958,138.42304906924034,134.11229376180145,153.9581834051062,143.91892861795384,147.7429965413463,round
21,133.51213247117224,139.6743530266684,145.29990875848117,151.53938324751138,141.39331327515518,146.17704632141712,144.51492573668386,134.52789903367278,127.77216553959273,147.7552720614927,134.90612387508023,138.73206561596126,round
22,134.80220177710737,146.27222548406212,152.24145939893995,146.90830006131756,140.00797189204027,150.53444293776806,150.8935512335069,146.75846876251993,142.78431727684577,157.31347332576973,149.15207035767588,151.9581798477555,round
23,139.0184778801562,137.33730585912383,137.5835284883902,161.08187585319226,149.51974067881673,147.52880770915152,117.00502718374275,105.96243807160204,98.83261548559948,136.0095127826164,115.2205180018514,118.69330686140844,round
24,137.1697552210678,138.0805307747207,143.71278359128445,158.1228358911806,145.21144797789555,144.29976046351186,130.81693230471328,127.91152432185402,120.88494533072863,144.46232220802563,133.05851360908562,139.86451443776053,round
25,127.4428476435631,138.77667758322517,144.90157209419007,143.1982710067177,134.52294375116827,145.07540113859258,147.62088319532842,139.47940358263864,133.35297133874124,151.001022853846,139.94436294841125,143.65698015905375,round
26,139.37911203114166,143.79672439326177,144.83407616019247,155.67504365951515,147.61778610830194,152.2053039937447,146.0769609488806,142.88968419568118,132.6537420750459,147.49315383726756,140.37715145538664,150.7124773302171,round
27,145.060689795323,144.8980754790618,139.7636416907262,162.45558743043856,155.5175141026529,157.28069377848095,143.0899159469193,148.71441636941543,145.72109627343718,160.30323363819187,155.33833767284628,160.73099069061948,round
28,139.37911203114166,143.79672439326177,144.83407616019247,155.67504365951515,147.61778610830194,152.2053039937447,146.0769609488806,142.88968419568118,132.6537420750459,147.49315383726756,140.37715145538664,150.7124773302171,round
29,139.29516333357105,143.64985780682568,145.75096699318806,155.39487608204837,147.2647737278924,151.32825707926048,141.15249621476588,135.8425242607404,124.94451914866133,142.59464336859145,132.9347502901491,143.2285674120077,round
30,132.19628556840019,136.71177817905257,142.55365508160392,152.4027041313563,140.65707070606834,143.60786237370613,142.1250163489018,131.82016988013578,123.93748761455363,144.6281561284867,131.63353933657018,136.21887523513132,round
31,124.77363686943599,141.8175806635973,151.20599868899427,137.39008869035794,129.75185631470845,145.36259351132216,152.11174841279794,147.40656081043065,146.77364718315187,163.3007557660064,153.43494882292202,152.31530414239288,round
32,128.10574363046558,132.25232592747406,136.48145717088707,150.61832004733293,138.56522192759732,141.53147322895623,136.48446691674496,133.03495418521862,128.7408944453902,150.3251624084006,138.73565912661766,142.25770127868896,round
33,140.04850514559735,143.28285284594457,148.49091938589896,156.909883002176,146.9544828024931,148.52685326117677,144.02170688801203,137.51252176402915,128.01715650945516,145.00797980144134,135.3704416885104,143.54391891079902,round
34,124.50852298766841,130.81826980567863,136.8268042151967,146.76393073379023,134.52136446132366,139.3809663016751,144.94629733196967,141.604835496754,142.10862895888823,161.62161165180805,150.59717899441634,148.69782514160562,round
35,128.71750791183865,128.34434665648976,136.23087480799327,155.5209590148369,139.18491612511843,135.592183352129,132.700200578208,126.53420744501605,121.43350022405585,146.44104386876742,132.4878778382885,135.76616831987474,round
36,145.42816678449248,143.87141118360626,147.7778781168537,164.83326654038996,153.57712168127898,150.28160773469483,144.77081338981392,137.01190498785317,121.65987865621956,136.18730731572882,128.453709216706,143.44882558870844,round
37,119.78507564103428,130.0929350351997,135.1734784783245,140.10040103122583,129.10302262683268,138.85452842571823,138.90697085056047,142.211063973154,140.9254876942012,159.37066083135306,151.53129208670637,154.28274708387048,round
38,124.2751874070491,131.791057817174,139.6268343588599,146.02345596374312,133.51213247117224,138.86220905386517,140.7920269111103,136.0517200028113,133.27150642504483,154.11633330325594,142.31670523610651,143.61876170449216,round
39,133.42344994481627,139.24205289636225,143.9726266148964,151.49346243200762,141.49541774049155,146.21967138719398,139.06184037122355,134.27842883658445,124.48395361545522,142.72182580013097,133.24914581345715,142.42720647675216,round
40,100.67316634691394,111.47434839184893,123.6900675259798,129.27315274108872,112.84551174801172,119.95867052681935,136.51364057383034,131.58448474280866,128.71750791183865,151.55707137563664,138.86546116985176,140.08925090836894,round
41,124.00174376173055,141.2296384342663,150.82196496523346,137.95077910900636,129.22120439950902,145.060689795323,149.18849053080183,143.73519726278224,143.87773995665796,162.10700078580354,151.00740429609985,148.66814389145964,round
42,136.67919989372302,147.93200532135995,149.17388879891686,148.07912378006682,143.53076560994813,155.74729886812685,144.4708853195316,143.966447007024,140.04631639868762,156.26881411704153,148.64440187721385,152.91145505705035,round
43,129.88268515002736,136.49522987414844,141.66322962212064,149.34933204294714,138.90049374238188,144.33933237650933,142.62752068743495,135.10286484372403,130.1129901650785,150.80251395393555,138.1221304621157,141.00900595749454,round
44,132.42506455748483,139.0235238427416,145.1822378428377,149.92963320767035,139.7624831938601,144.89102991212297,145.9967848936583,136.13167402730036,122.3118902559788,138.73139699916047,128.86559005607606,140.69292016473716,round
45,131.35129640029933,139.4556028333263,145.83353730369015,148.18296515854084,138.6629432927667,145.36174394709684,147.99461679191654,146.05271409196973,145.9700702445221,162.47443162627715,153.50180501138075,152.8188889145228,round
46,131.34777721969368,141.63836191878326,144.74364128703718,145.61965527615513,138.57633437499737,149.01609018718423,141.84277341263095,135.03853111693059,127.36456704680946,146.67878432806043,135.78482460299188,141.84908421550367,round
47,116.11157806838904,120.77050197329031,126.63261932042396,143.63863771721438,128.25222142436093,131.1675417746463,133.7400455172208,128.43782988634774,125.59054550650811,150.36092901377071,136.40700543447946,137.508207628154,round
48,139.24478630135633,145.28548079135467,150.36124995415037,154.44003482817618,146.01306580669552,150.72581282236015,151.98081144832048,144.7666793957727,139.01063367145952,154.58071166109713,145.0008196190851,148.5704343851615,round
49,138.33544340236253,142.87273955047542,148.78378965382356,154.73130309062807,144.9142489927847,147.73313732065336,142.22092024226072,135.6528172129125,122.04040507383988,138.94272210640392,130.00111906853607,142.9225456685285,round
50,140.5740484428363,141.85411903892327,146.92983867029125,159.13871534547562,148.2405199151872,147.6214866443416,143.05372654206903,131.7779475005178,110.41715715403939,126.60430596423035,117.32556995420886,137.58125869743466,round
51,126.71504830144029,133.18233008530356,136.35118092149156,147.2826306678843,136.6276076310898,142.72853600219233,138.420406128696,135.0106227882436,129.7338048095682,150.08401406811223,139.15071990147777,143.82974466790907,round
52,128.46336635120292,136.053916632817,141.31618848819681,147.33908727832622,136.7357045889284,143.39666833780015,145.8790732698829,142.1250163489018,136.99904114756075,153.84979436163303,144.6843388209321,149.014248927927,round
53,131.33282060887382,139.6504198558248,142.4398251562909,148.37203643774603,139.57622625793815,147.85351042465624,143.09775956455988,138.1968722905434,130.17085729276903,148.50443582022174,138.45601817156464,145.61965527615513,round
54,141.4885911255455,144.16234704572173,146.3546249606759,159.0389342654584,149.6973192795119,151.92751306414704,149.38270868433398,143.67858927205086,140.90213945296452,158.80119380616543,148.0998430822663,149.0755409785772,round
55,126.69869562693899,137.75424822800022,144.65250810625778,143.37425902759907,133.67462715607783,143.47415623771707,145.53271182314202,142.3343788014167,134.61287224584905,150.2551187030578,142.12501634890182,149.57421619803876,round
56,122.63173666347708,128.96015031971282,134.360407941776,144.54754145035972,132.5790657987759,137.55289814717176,134.19671967868584,130.31703729996445,128.4250571509112,152.91382927123084,139.50025582444232,140.13489835832934,round
57,114.66853287386871,123.92257086228146,132.08156527921844,140.59933933652056,125.71307248750301,133.35402250243595,139.05853084777593,136.2286755280136,137.70294403781472,160.0168934781,147.72435568542238,144.86580694308435,round
58,133.25627397525406,137.89879101553836,143.34142746139943,151.7113831701495,141.12362815767412,144.23365341726185,134.38394009160078,127.60441868009883,120.44114989701416,143.13010235415598,130.44623202084136,135.84252426074042,round
59,119.64632214040579,132.51044707800085,131.0868404750126,137.12109639666144,131.11209043916693,146.5466905459273,136.78991060824606,130.22315043041303,128.418055344822,153.434948822922,138.17983011986425,137.9970425802837,round
60,122.57405713457253,133.7613653291031,139.63546342690265,140.71059313749967,130.8150838748816,141.40637860077385,142.64381846101486,134.87016193911833,129.32600822427324,149.4656853662025,137.11032550111898,140.59509216352697,round
61,133.05883279318158,137.22554066625997,136.78991060824606,153.052519080733,143.67317404787977,148.5491769858723,137.40794232356228,137.75478518871603,131.55112383714567,150.6569527657957,141.8260195613773,148.95316603047888,round
62,125.42840434624335,134.0245701926736,140.6583040536699,144.9484053186078,133.88185465388517,141.00218868350527,140.80769485409826,135.14288194698733,130.76576537661393,151.61664585847018,139.7878579950801,142.51842687944216,round
63,140.5740484428363,141.85411903892327,146.92983867029125,159.13871534547562,148.2405199151872,147.6214866443416,143.05372654206903,131.7779475005178,110.41715715403939,126.60430596423035,117.32556995420886,137.58125869743466,round
64,122.57405713457253,133.7613653291031,139.63546342690265,140.71059313749967,130.8150838748816,141.40637860077385,142.64381846101486,134.87016193911833,129.32600822427324,149.4656853662025,137.11032550111898,140.59509216352697,round
65,132.42506455748483,139.0235238427416,145.1822378428377,149.92963320767035,139.7624831938601,144.89102991212297,145.9967848936583,136.13167402730036,122.3118902559788,138.73139699916047,128.86559005607606,140.69292016473716,round
66,128.61341266645826,139.32039357788605,146.4648553398525,144.62143021919925,135.3203655633105,144.7861605221836,143.13010235415598,138.59643435889012,132.5517902783908,150.95799059418547,140.87524098583373,145.98065001017355,round
67,114.66853287386871,123.92257086228146,132.08156527921844,140.59933933652056,125.71307248750301,133.35402250243595,139.05853084777593,136.2286755280136,137.70294403781472,160.0168934781,147.72435568542238,144.86580694308435,round
68,119.78507564103428,130.0929350351997,135.1734784783245,140.10040103122583,129.10302262683268,138.85452842571823,138.90697085056047,142.211063973154,140.9254876942012,159.37066083135306,151.53129208670637,154.28274708387048,round
69,129.032175928482,130.83638737994676,138.8495426805374,153.22884978553788,138.32740424172655,137.27330798080206,140.66728567823915,144.01353937949673,140.02480772571047,156.61118515369773,150.39554925399509,156.24284598494103,round
70,120.61536194559481,130.92486863066506,140.9061411137705,140.71059313749964,128.61583606048754,136.1313674306825,140.9094045289013,134.72387789905451,131.8902135854786,153.87909325603397,140.76004084518271,141.65109602506368,round
71,127.68546565203377,136.40574926104634,142.41149285917885,146.45295708836022,136.03224469156572,143.53076560994813,145.93801951291857,142.10434994654494,141.2646515255811,160.4353190025902,149.60193778841844,149.06486273603235,round
72,132.14467696102642,134.62388431173557,136.16862287675445,154.3903297400639,142.79461895252385,145.0107805923426,137.64254529406472,135.83832204730822,131.90594194108286,153.15644744821614,142.25462602907837,146.0138328903514,round
73,123.92780798527279,138.81407483429035,147.07785702723424,138.54868197390445,130.27790278682755,144.10415603966163,148.40936135684112,143.3639459856228,141.4674589277915,158.81012091506585,148.53063029927492,148.7063289979522,high_arch
74,134.35805734399543,141.30785778799194,150.03932505740613,150.94539590092285,140.32574062476772,144.80249671524527,148.62783538066418,137.53968045034068,128.30350757571324,145.7961570738607,134.10014028509562,140.31989391780684,high_arch
75,141.80558044186478,147.69143969162127,153.434948822922,155.36503231239882,147.1313210666325,151.69924423399362,147.92543187907435,137.96984573683162,125.50673052291248,141.84277341263095,131.66726256958773,141.8472208068247,high_arch
76,135.71171220603568,135.99002580113503,142.69085246799153,158.1985905136482,144.37706069430436,142.1356011962806,149.3100266033391,134.0622064100555,106.22849703057868,118.43273001651217,110.77225468204583,137.3788722235236,high_arch
77,128.5367051726169,138.45834618972094,145.23192169642138,144.9262455066517,135.6241907953529,144.2726017772003,145.95391819236653,139.87914981670255,132.5822511266445,149.14558642585885,139.68326421783323,145.59252057226215,high_arch
78,141.19941615815083,151.56846254409862,154.86420251928396,150.73565776547682,145.8976107656239,156.26756745257418,154.02560603756868,148.36599255739068,139.29998814891331,151.3472118994238,144.39188849907498,152.41289367055404,high_arch
79,137.47847393380565,142.35995415883198,148.3713319698919,154.60972777672916,144.40860743046886,147.66506376504236,149.65054764000266,143.94167934583447,136.1360280396881,150.88610398054286,142.31310561693147,148.96778976153277,high_arch
80,128.08877288097534,135.60063264548887,135.6373260743485,147.52880770915152,138.57217210123963,147.03881511127656,130.6012946450045,127.1873818882905,120.4287285784251,144.56239412510547,132.03954004893933,138.41998309486112,high_arch
81,123.97654403625687,137.27044967066507,146.05145702666547,139.8683323746852,130.4837783978477,142.5175885722815,143.10526673390257,138.49983048658973,136.45743218207687,157.04882957492563,145.73889710090543,146.12305844810516,high_arch
82,128.97999606032968,132.67688661830218,137.75682693036399,151.72468887477757,138.97496656030637,141.21005097141222,133.4555958888385,128.94002305010682,120.68662472502643,143.0772174311757,131.3360771509519,138.94847191429105,high_arch
83,134.40163241270264,139.37578016685688,143.0942252270272,152.4592026356272,142.63107715454495,146.87163780658676,140.0663608380625,134.95996102712334,127.46055486049069,147.2647737278924,136.2188752351313,142.77913719091435,high_arch
84,130.86361610632767,144.6139155801148,152.86315363944877,142.80640082923574,135.65602987408172,148.24989575858464,149.18203019380542,145.29170423040497,140.73007868535953,155.86601193728686,147.37491484911246,151.05154821950865,high_arch
85,123.54163746868393,132.98311652153447,139.0616395209132,143.59195139595224,132.91021484329005,141.22628937686284,140.8610940822648,135.17676647833858,130.43903669981333,151.1094345458964,139.42354097524895,142.52874759411287,high_arch
86,140.57685864992382,146.61371334766292,153.69409737425278,154.84937203432415,145.8164023353531,149.86733593039222,156.00968403416,150.94539590092285,146.88865803962798,159.8482529657881,152.05126185555352,154.67679290008329,high_arch
87,127.58882239796729,143.08894160009237,152.34373259765943,139.5516977270611,132.08318005059928,146.03392121925225,153.07735151360353,145.9768877683394,143.49729902440959,159.4516218189782,149.24314921946024,149.19633144275468,high_arch
88,130.32884063872962,145.20638141091433,153.86276691081179,141.8705145129328,134.80577776253017,148.276397042316,154.96106035748983,149.2433191126166,146.02958383732974,159.92992571499158,151.20323229442886,152.72323661688634,high_arch
89,129.13039955698528,148.17641875284363,156.8895567699047,138.17983011986425,132.58049078334366,150.4221613187387,155.08197748418078,149.9082580122553,148.27326971414305,162.67050791608793,153.7535082541147,153.66321765307544,high_arch
90,130.71471779588762,135.94695144677348,142.4898387803717,150.80565762590822,139.13373995356656,142.45207744340468,145.1194317251283,137.47159400784693,132.5382580296804,151.81790786357863,139.87603286103217,142.60999250771073,high_arch
91,136.54815769897795,145.18011162028574,147.8926420864153,149.94065545272906,143.67317404787977,152.36887846250488,146.2252589698793,140.06925680696762,130.91374108502663,146.72511201516508,137.86715325153673,145.77065555153104,high_arch
92,124.53466157139934,136.33221985386965,143.13010235415598,141.581944655178,132.27368900609375,143.0420566616266,149.8064166674856,136.78991060824606,124.69515353123397,142.12501634890182,130.0607844578738,138.91100700490753,high_arch
93,138.19189577590794,145.90165591999522,149.92236571225504,151.93647112841316,144.62336551148172,151.76130860348607,146.80031033264967,141.05419189411484,132.51044707800085,148.45584297892373,139.3852651067051,146.76478503161448,high_arch
94,131.40308998292798,139.88049503780533,145.5967033026814,147.82539241668914,138.72090002883445,146.06911100104696,143.28768620720896,137.68615431669926,131.75321222386356,149.97683593954207,139.40570160375657,143.93931096831332,high_arch
95,123.57024383274192,135.48185142307,142.524202965804,140.71059313749967,131.122760112681,141.8936791369542,142.8075054007154,135.05166434985057,127.25929844614815,146.6818357089764,135.19708544213654,141.02211561966433,high_arch
96,145.99612803492383,152.84372022939058,155.89776549883888,156.26225029614412,150.79084118654828,157.3412326078226,154.23192060440036,148.34531935962113,139.63004641079766,151.79110705493832,144.78766072978016,152.33939390351716,high_arch
97,144.85436625587198,149.26637335127626,153.57263562598368,158.15476407177778,150.5332878653413,153.79815016719718,146.56446558195668,138.29484097634037,127.07926009835894,143.3438915840331,133.59197844946394,143.26717333551065,high_arch
98,136.7645247970968,143.70817916833977,147.0919154473208,151.4422139845718,143.79775783722295,150.36675442834897,146.30993247402023,136.82796824430503,123.1971911312376,139.23355429638343,129.57260530810535,141.27107744950115,high_arch
99,124.03470872944334,137.06647698564424,144.51439506428093,139.57392125990086,130.78146945837267,142.71189241265887,140.4888458828425,134.6585512441339,128.83502415899542,149.15486810073523,137.79695926822882,142.10777416479604,high_arch
100,134.07167740640713,137.95623536174625,140.52337379189672,153.555275799359,143.33620139154013,146.7204249562956,135.53462628279436,127.1320729133923,108.11970699977155,125.53767779197437,117.1717916679418,136.17513323723938,high_arch
101,147.5913107505754,150.0522058783478,154.95670100285176,161.71121356285747,153.1469638451112,154.0782804422667,152.0099745504066,147.17952244496476,138.99831719127593,152.57039000667848,145.0935213615226,152.58694583441098,high_arch
102,120.17893192908163,140.7171210831833,151.9074233807091,133.069412558833,125.05942696688697,144.38814609696175,148.385183087697,149.74091031548872,151.68217617184752,167.6030580638068,159.88327483154453,158.23231374666574,high_arch
103,133.70668948541663,144.64652174036414,152.0437533560224,146.22245806944485,138.66193557551983,148.11235171202347,153.71007650184328,145.28846948773975,133.9924931827009,146.55013137223352,138.53636927640258,148.03740219644413,high_arch
104,120.87792022248772,125.62597790240012,135.3757046446568,146.1038334366361,130.49988629157934,132.19101117096383,138.52373823167835,130.67869808269802,128.63643176435778,153.95111305268685,138.68623024278546,138.04437935680264,high_arch
105,139.37154666868398,147.27709805110803,149.3258967676054,152.31893843151474,146.01306580669552,154.15561244543966,146.19351515901283,140.34205463251067,130.39282667395614,145.6443434546252,137.18931577744775,146.10642878517558,high_arch
106,125.95056943712108,134.16261412202118,141.42976131318633,145.61412372765784,134.37188036129834,140.90614111377053,143.87316398654417,139.23753621746044,133.69804732742114,151.7615538369723,141.934647290368,146.33474658226226,high_arch
107,128.02199839135696,141.8900317557917,151.14433878028348,141.68597682322013,133.2543205191959,145.53990766291983,156.9855719784956,147.02429385492147,140.2892762971838,154.57710580953085,144.6037541795732,148.31763397294938,high_arch
108,140.82805393548352,147.37175853402516,156.7030477297407,154.1481374579396,144.685815249914,148.8322410458688,150.55121828672657,141.1886159632416,130.451306036017,145.3209543624977,135.87870072791165,144.60520415501293,high_arch
109,156.52960991460102,166.70340985853576,171.01179647268563,158.04004415724867,156.88314378114143,166.58072101069672,165.3085035890931,158.97681650103954,150.71913145463722,157.6111527486834,152.80596004467102,159.5277204802581,high_arch
110,139.02704791832048,144.96076683583198,146.1069966773723,153.59213849580058,146.81561907413393,153.07764301766676,147.72435568542238,139.3615726450206,129.39979471049057,145.81824634592994,135.80035463739722,143.82037955202105,high_arch
111,126.0361301907076,135.5098218705896,142.22431569404534,144.82308079178492,134.24283113494147,142.32571192166137,145.84146629837508,142.19347005529553,134.32973407228306,150.04461160322202,141.96247556646054,149.39211329854837,high_arch
112,135.2538002425863,144.08801742751126,150.0684881594922,149.74356283647074,141.35063764907824,149.01966003003554,150.64224645720873,146.22068678371525,137.68011629163905,150.5506343628409,143.55294175882648,151.52579638992563,high_arch
113,126.24581779868747,134.9878016226001,140.51501867375046,146.50338963253182,135.51616422976483,143.35738337429714,147.1925994797726,149.7964298296786,148.4189569233941,163.17937372771576,156.76496469234002,159.25744763748787,high_arch
114,126.32541335750064,133.56401270248278,140.77263612305873,146.58391864203566,134.68804784013875,140.13737500609028,135.67259831760134,125.85719893243059,117.11595515629655,141.2239261191439,126.99001440805397,133.06208110570398,high_arch
115,124.3123513465304,133.38045143058704,140.69005477625785,144.2229774776018,132.8357823926228,140.36937354728335,146.5482910761105,139.4437560085276,133.7622736207385,151.81214871886397,140.8794048676882,144.6660363843998,high_arch
116,127.76332666118618,133.55022395929907,137.74120655564352,148.5342361508412,137.41689380699398,142.29162348042613,135.8737241119672,129.16983078881154,121.08118179364006,143.44752724790845,131.1665728428091,137.57390439512199,high_arch
117,131.0992515610338,148.29769423930819,156.40867990540212,139.8098992481503,134.57684831760798,150.9656696180094,154.49756069189183,150.46890793293488,146.34087974308216,159.27951470030885,151.88800827534865,155.00532749792666,high_arch
118,138.6123637867005,144.78527820915014,152.30276854779072,153.5401751132718,144.0732827704937,148.05824339487125,146.54343850904905,144.59313426273033,127.51364336001942,137.72631099390625,134.1776290200018,152.72323661688634,high_arch
119,148.73216772452705,153.2397037377002,157.06789956241022,160.1342319782816,153.67170689482913,157.26470757869362,152.52710112510724,146.48161899715765,128.453709216706,137.36137465817563,133.11072008352443,151.10028703862557,high_arch
120,133.54753336669933,137.0063923722274,141.199514912989,153.40707444929382,142.51842687944216,144.817148118678,145.88336519451136,145.26441584536065,132.63862534182437,144.66273414451396,140.54846629371806,154.7016248489839,high_arch
121,132.911110333793,142.00784722897686,150.24658510758496,148.40059152110976,138.76173931493548,145.89988509959392,152.01258712871282,144.98412726668204,140.33550044858305,156.33396001461236,146.36332356825727,148.9097070581161,high_arch
122,128.88910479689238,150.2194648311738,156.29735404903374,133.7981669355479,131.92467392194797,153.76423128676868,153.8766034071751,147.57893523749306,141.97276928602648,156.12471914607247,147.52880770915152,151.3103322366535,high_arch
123,128.38978177487124,137.72168924837194,141.69394730594206,145.65186200660958,137.41526204366272,146.63068926031357,141.51200782141854,140.0873432156464,137.33767527574759,155.89339424447857,146.37205291897428,148.92424404157896,high_arch
124,140.8670937979215,150.31726792597695,155.17037160807743,151.51290013031524,145.55914563063465,154.28266668222625,154.22067025593424,149.18052573573368,140.3089887113524,151.92751306414704,145.4987653153172,153.64254131856836,high_arch
125,124.49099061994356,135.72446018213265,141.94163455266195,142.74166234267594,133.1168761669118,143.69949991212553,143.83354695936848,143.2189702724463,144.50608058102387,163.2403019958058,153.4563119015417,151.75424335557088,high_arch
126,131.17395737904022,140.48541865252653,148.5991973242679,147.2647737278924,137.5371951764908,144.85132734280808,152.55654743505283,144.02179346167787,134.35625428582463,148.39249775375112,139.51183860323087,147.22381404499998,high_arch
127,137.37160953971986,144.54142467615844,152.55014226208752,151.80692163549014,142.53599478168485,147.641341362593,148.88157617246588,140.25726556882805,130.05805251710873,145.94499613828955,136.1517055361106,144.14494707677318,high_arch
128,140.58641741984454,150.67795810772827,155.55604521958347,151.00861299131967,145.1525994058907,154.70031248833294,156.917837868797,153.434948822922,144.0039657500252,153.38631065165703,148.64723833314406,157.92686459921333,high_arch
129,136.16410132396868,142.4375356832688,149.53819615350176,152.29730981912886,142.43595868634603,146.71402956629774,148.1878099213056,140.30025055384783,132.40215466416552,149.48976259388445,139.08561677997488,144.94023373379397,high_arch
130,130.97035660997352,140.41110914038532,150.8642117122315,146.69893760880268,136.17815329492828,142.662604102049,151.26020470831196,143.95247333415418,136.80062160116015,151.3895403340348,142.29926341321246,147.52880770915152,high_arch
131,143.54191282934988,148.92510737478213,151.50436138175502,156.68789133974246,149.91691237682392,154.9879009471859,147.83478705500931,137.63243486898648,116.96788128029037,129.89490955340773,122.73849825996957,142.54942176826324,high_arch
132,123.98506607233921,134.87988323779007,136.8476102659946,142.45207744340468,134.13006586437095,145.6347609387403,146.0138328903514,136.34262402653775,130.0302592718897,149.47029410006587,137.10379694685108,140.27740608290722,high_arch
133,138.73260467530878,143.09569736659,150.60394714505676,155.5175141026529,144.81616337875374,146.93815049450484,148.8220546357317,135.66619997018316,120.48894049983096,136.00508600525419,125.45547443444188,137.72631099390625,high_arch
134,134.05461089553557,138.21006876757707,143.4461871002513,153.05442240530172,142.09852731726474,144.81478667205226,138.3327374304123,125.67170957848711,108.96058342937964,129.75286109838356,117.25532837494308,131.36352474005162,high_arch
135,136.1605292476487,137.5366393434485,139.66097293648957,156.74589033753344,145.85641334806223,146.56524618431607,135.59212215523084,127.0497972449124,122.10963567214331,147.30053887899808,132.0951560831642,134.4588517041767,high_arch
136,136.9371120829418,142.93767392732582,149.27408634018272,152.78723379094077,143.2655531172176,147.55460167850623,147.56534837990728,139.2786943354822,128.44067797159016,145.06456820725188,135.1461623857795,144.17857835330446,high_arch
137,126.59236500299262,136.70666216771687,144.50776957866037,144.12930540803413,133.81269268427118,142.30037133893762,141.53951766305303,135.4072559161034,129.4161300392031,149.2431757376785,138.00492851645942,142.35550839596118,high_arch
138,128.8700627169248,132.68320163983972,136.43980621096566,151.3516827245366,139.1925200772321,142.02063219564346,133.30350482529397,129.82072549825784,127.259206144499,151.91626039487295,138.79335053587667,140.2913145131506,high_arch
139,115.04840930523677,126.00467877847656,134.13713968267095,137.85490479684276,125.17639151586944,134.46596692104794,138.49315320491934,131.69989820069605,128.40580973266108,151.0976429637982,137.88195866886443,138.741332144244,high_arch
140,128.37103861149345,134.7753118203755,142.5238204386386,148.64723833314406,136.3693594409072,140.7545653311022,134.96666912562546,130.51394200628138,123.4248111826038,145.3920545894167,133.7093255800043,140.00797189204027,high_arch
141,133.3606692803197,145.88287398096583,151.67300189406694,145.30484646876604,138.78504471710903,150.57027382778588,151.05607659939847,137.5674148265854,122.57224294359368,137.72631099390625,127.10665571775112,139.1208179507536,high_arch
142,129.95559827388396,133.7527167025478,143.803779030462,151.5120717544057,137.3996877605187,137.92116564334466,147.2282545087398,138.70216246605207,131.72967768064876,149.51086226381736,138.58910341181783,142.99306779864736,high_arch
143,123.65945876521188,132.2501404374707,139.51004861802997,143.69348861201823,132.20304073177118,139.18059256796445,143.9565896060127,139.24403449093836,132.9395132247709,150.5919506810271,141.00661034853522,146.26860099010705,high_arch
144,139.33231398318853,149.26451229807992,153.09642526129002,150.64224645720873,144.93165331970908,154.65382405805332,152.11325160979968,142.95571397516485,132.99193352625824,147.0470304912052,137.89212735599284,145.76046930602809,high_arch
145,125.81289986905914,145.99684389899957,157.8136983149035,136.02137246857706,128.8408369708569,146.99083497903928,153.65380100345513,146.2085241205951,143.72762993559618,159.72442139100903,149.05072306820279,149.25385063472825,high_arch
146,120.37055136618946,141.55006545747747,148.67875104270522,132.83892051177364,126.50496131011336,147.54896098989374,140.5915577557572,140.15105242437946,137.55861650831872,156.36265012809605,146.97118453669455,149.72528030947126,high_arch
147,132.84472437920851,145.60261310547597,151.9581798477555,144.36844608310585,137.84864433144884,150.0013184604715,150.25001531129138,142.21152496224437,133.33281805799902,148.45584297892373,139.1239075603156,145.81783358484103,high_arch
148,126.94089609712906,133.21008939175394,143.13010235415598,148.32453126189077,135.0,137.97373108248013,147.65255650055798,135.94538910446443,135.79695326062466,158.00259659335785,142.71736975880282,138.0664855011259,high_arch
149,119.29136217098426,137.9469075981663,147.94650951563693,133.37885408634662,125.02228737984944,142.42059336588133,147.61812295950776,139.8045161475075,139.3987053549955,159.7751405688319,146.91514707126504,144.17042483778903,high_arch
150,115.25841122195553,136.0169780307192,144.94057303311303,129.47245984834382,122.10625595511783,142.54942176826327,153.25594102617742,147.08607436354137,141.60096805990477,155.74021305270097,147.13951939564978,150.84691978196466,straight
151,144.30141419863284,156.97544150731423,161.63268338589398,149.8327043896156,146.88865803962798,159.28779155251905,163.061671922294,156.28331506592897,143.76239417259345,149.85571677031055,145.82745310382538,157.0978921156887,straight
152,135.4588152536693,149.2645122980799,151.75745549822122,144.78240703180728,140.96833219751693,155.53558974758104,154.23864451690844,149.85033829898424,140.17828470429814,151.326853510565,145.60261310547594,154.7963048460884,straight
153,147.51934306860443,156.01248420549535,155.89202903715267,155.51552487307646,152.76648197022084,162.42672755799865,155.85445803957836,151.92751306414704,142.2899749512161,151.92751306414704,147.0284206103593,156.5014343240479,straight
154,143.65539275292326,150.35660053472725,153.47495983563118,154.47030200946693,148.50680778220672,154.86307962682355,160.68814343564733,157.3836882785915,137.01123266263133,139.9090621386555,140.29294771424986,162.06110613747327,straight
155,143.48432213497043,151.24537106322674,157.56899190523794,154.05233634397973,147.45987580757392,153.59619355533832,158.1985905136482,153.92183279483507,145.1915018500277,154.03331641021936,149.16705552263122,157.22545932136896,straight
156,141.1251830752217,145.97417655085238,152.69088962003332,156.5014343240479,147.03911211602227,149.81278498795655,152.65012421993012,147.1218643669844,139.1226571613914,152.47691471424605,145.0008196190851,151.76044830907992,straight
157,140.30843191293016,146.64954578964594,151.32533224568482,154.37158112178244,146.4782368395336,151.8723776096721,145.96406612577414,139.91461836240777,127.8221277809324,143.53076560994813,134.91511742578402,146.25481010831768,straight
158,142.8533133019782,155.04095181220427,157.61986494804046,149.74356283647074,146.88865803962798,159.61487307210513,159.77514056883192,155.6407026840614,144.59517474705123,151.52885612208368,147.9556590070905,158.7802535711536,straight
159,144.09531546273547,151.39603645413317,156.73229518994304,155.4541559739704,148.78872158259855,154.9305823751529,156.0496217374615,151.13367761289234,143.33598357579044,154.29004621918875,147.94985447327883,154.84970144915013,straight
160,144.44731152471357,158.5990102870909,160.65926451696734,149.1026348397335,147.72435568542238,162.78392641220924,164.7636237822119,162.8670038496569,156.47641494155636,162.0750891540447,159.47847975978453,165.96375653207352,straight
161,148.56248748346724,151.83461597814858,151.29016998647433,161.100538456704,155.45295344730394,159.3602131953866,150.12052565793277,147.07237363335685,132.43565930095113,142.80640082923574,138.89606301510267,154.44723309182356,straight
162,115.82099197418928,134.0694300467302,139.46491770554357,132.3974377975002,125.13419305691563,143.88458092236698,144.19991804329604,142.6228444039153,140.80009149995288,158.74949449286677,149.24140889240584,150.69084595105133,straight
163,122.57459201927455,139.98411498257872,152.5429035896267,135.71001621161554,127.01652759959732,142.12501634890182,144.4704879548439,142.57688027983681,138.17188189407284,153.8111159548851,145.76517185102432,150.00920513018212,straight
164,130.46129577765302,138.43363036245054,138.15869445173612,148.2801846921758,140.61970935770947,149.74356283647074,138.85063882391077,135.31172586606246,129.41365658716086,149.21585347367358,138.66778805553142,144.05788812861766,straight
165,128.16958701330958,142.64462625308494,149.59891410487523,141.581944655178,134.2929923315679,148.01435353915966,152.604633336664,144.83266032367897,133.1102748693993,145.7023928063899,138.00634108437336,148.04866691071445,straight
166,133.7376265292869,140.2376344763507,144.04643540117274,150.72258010383806,141.5420381462119,147.57296475040863,143.0379473469496,139.97413221882854,134.65368990191638,151.64718557167637,142.68398182973397,147.5015758768327,straight
167,143.92249908655484,148.06751124597076,151.52712029074135,158.095813535836,150.33343576888117,153.58652460559028,146.3099324740202,139.10496211022885,122.6403414200439,136.44109929212215,129.0778773575444,145.05113420426997,straight
168,146.42684259133904,154.415188437924,157.6795876189762,155.88398856128015,150.90710512058214,158.6139410594058,156.80140948635182,151.3070054163131,134.69685055628588,142.1114808472606,138.54748938019665,155.28255908891663,straight
169,149.2753455171491,155.27343368896663,158.67449250835128,159.19679804889225,153.83623309911843,159.28132124848773,156.7197511621137,152.4154751563046,144.97771262015056,155.7458571812584,149.7697466670825,156.5154795976427,straight
170,142.57058017017442,147.65305390848434,152.2711208795277,156.61602975116713,148.42003233749256,152.38061239162562,149.80014192885648,137.80615397355956,116.39908000605358,130.2329786254747,121.63966428210918,141.4293756959547,straight
171,138.76254647598677,148.51656810879135,154.56726892331866,150.10713165500866,143.45616910315874,152.11533622559963,150.3595141772916,144.67078830984724,133.4168513292157,146.2241604130731,139.26464118430422,149.80074740474322,straight
172,145.21687962972675,148.02919480794375,151.5618360974147,159.9840403971173,151.55707137563667,153.434948822922,133.7981669355479,126.5110561194953,115.2362636469036,139.39870535499554,126.86989764584402,137.56377021146503,straight
173,124.41367559821944,141.248747187922,148.67130713219584,137.59186670523502,130.7321066997092,146.95343719547003,151.33737285987905,149.75240341339688,142.0971419752736,153.13808215559732,147.82353648565257,155.81419220212553,straight
174,138.65559530249405,149.67959336073568,150.18583726220135,149.47543596306141,145.44164186236512,157.6672927644213,152.48275207101017,148.98395570961523,138.57528801052328,149.97895501183893,144.3209848683998,154.59012166108184,straight
175,134.18150091423135,140.71081534938637,146.1089449648553,151.15677766803793,141.50717003776361,146.7910307659907,144.22211140449664,138.00730057952836,130.14008546883224,147.91216909929463,137.69967783889808,144.18274599956604,straight
176,135.1796100057471,138.99030754681925,143.45198536955473,154.22382536571382,143.620442676316,146.15049220650025,137.94404634998764,129.0938588862295,111.89242307563141,130.10090754621223,120.28160690745432,136.56541806282186,straight
177,150.29757726065066,153.60615084182706,148.64283901568066,161.6165298510184,158.1610392151101,163.76463091194145,150.8900213938845,150.92171425193706,139.0741306317775,148.93436351324766,145.84030545433058,159.23314726764005,straight
178,141.02349890013053,151.04233941593088,154.69595226754902,150.41253824534695,145.58732131823714,155.52238455091197,156.25050550713325,149.03624346792648,133.98039941674324,143.38560023479715,137.9385888170752,152.02052561151984,straight
179,128.453709216706,141.79506102101973,146.72511201516508,142.12501634890182,135.28224293627088,148.46998115207435,155.998719034387,151.7239194174436,147.29149804565594,159.71744091108343,152.5924245621816,155.90883554256203,straight
180,115.22037423739279,137.05183106250826,142.8676290661218,128.10095181149933,122.46857401275713,145.01628594512235,149.46477533881222,143.90025393341682,136.94808500651496,151.99514261195637,143.39021347460582,149.00840172542365,straight
181,126.021945739349,134.67855287815823,139.41651566822765,145.15854604502545,135.1906487878123,143.19372895711075,142.39527745539593,137.32672195317394,128.65980825409008,146.60100478569194,136.76627048600906,144.67293334694506,straight
182,133.2835480244307,142.3940086425983,144.10297320219428,147.75923187844458,141.06055079085684,150.70863782901574,148.7490489834193,140.7801901631095,133.05851360908562,149.58430999901125,139.32959105858674,144.86580694308435,straight
183,147.83560948640147,158.1026642594953,160.88888888793937,153.86358755562412,151.05827795486803,161.494052725793,160.8787072142583,159.03687143586785,149.47029410006587,155.28162162729308,152.8936585205112,162.94556022179464,straight
184,139.69215108376497,148.6415797701766,151.35866976616367,151.52579638992563,145.85543904603176,155.00124000990508,147.6118851465991,146.99334872358696,137.72631099390625,149.67639313745,144.71879220282563,155.02058623401896,straight
185,147.37215525051823,156.32621841914258,156.81388135805582,155.4052010410776,152.36702129692378,162.23235953291305,152.32119790700506,145.43391848490225,129.35377378400034,139.83440630626328,134.15540595458043,149.68285682916337,straight
186,140.25703692068197,152.0708196329545,156.49054228067493,149.36852678202465,144.74522964714143,156.3505129999736,157.45040784523442,152.76695416202602,143.38525943732677,152.97023798742282,147.60732658876657,156.32643601154837,straight
187,128.60199839923922,135.97402296708697,139.91114347168747,147.73293803699286,137.50142400429343,144.3489775892873,139.74760393368484,138.94988711489012,132.74474600717733,150.61007867247932,142.07605397873766,148.81303885316703,straight
188,154.3980803961971,156.437287521113,157.42169387894097,165.24567335010846,159.8603228580707,161.77115021446212,154.93139978602775,143.9726266148964,127.66562119858328,140.9061411137705,132.33699923393286,146.90830006131756,straight
189,129.375933905927,142.6983162480443,147.74385067599806,142.0798660197818,135.59487315501516,148.65781530831273,149.9216196783163,143.85440637100223,130.43519646432406,142.98160884020407,136.29309252459717,149.01632835593284,straight
190,118.03938166041267,133.76650103381488,141.16737170039866,135.88412394813545,126.15074152929894,141.22654448365125,148.39867462543086,146.9021158261492,146.1071237280267,162.94540525052247,154.07647682195798,154.39206851078168,straight
191,136.66691551391057,146.29135493719423,149.6201125120889,149.3002774491856,142.88149071894682,152.41646447520887,153.879720110802,151.85141777750636,141.4993462796546,150.77194805685485,146.6459742484832,157.50972183117628,straight
192,128.8881474484197,138.9393993611133,144.60792509147677,145.27768778245448,136.25680629638398,145.44267728006128,150.71205505070634,150.8888074951123,145.6950725251669,157.95425593449428,152.47559864014534,158.38399039846203,straight
193,135.2640339812591,147.24565091319857,151.14007379744834,146.63727668311844,140.97462711875878,152.847362844008,152.29511777426026,148.76709734731412,136.6227898404172,147.3807569288072,142.26344207883452,154.52223818570872,straight
194,147.45768454177175,153.86656457835412,159.96114125674168,156.96163963358873,150.79510722273716,155.63182413110852,158.03836036641127,148.2397460975473,126.80632986921205,134.42127443439225,129.54608111140877,149.8422270579111,straight
195,144.39669981915887,154.11025378212003,157.84915801500452,152.3653535633009,148.0976514126934,157.56369560982708,157.66284068150142,152.8335839076638,136.3901384486101,142.98413594820076,139.928054619743,156.50839764828535,straight
196,137.35688016653808,149.82368273462518,154.0383286944768,146.80988295702826,142.06031193878766,154.44003482817618,156.8734796112512,150.25511870305778,140.04644185968567,150.54632727307904,144.18883607735876,153.13808215559732,straight
197,145.8089019060841,153.40536917685967,156.32610149128706,155.5825342512205,150.66415353708985,158.1159199084357,153.16205734143657,148.48522024171208,137.53392009565653,148.99183961772587,142.95488644925064,153.40646235882252,straight
198,134.5377142817594,143.50705595484487,146.66975543699496,149.0569502901233,141.84620697045708,150.73007283718636,145.7890989719297,143.10901447159216,133.06267274392437,147.46661662540507,140.66168510028496,150.96885571925398,straight
199,132.81419919322443,138.81829313551322,143.4386030929614,152.4680232512777,141.4873732411042,146.47187602104677,135.14264479950836,131.07281291574475,128.07278187399083,151.0816519568137,137.74410287187072,139.70361470429322,straight
200,144.55777837162037,153.6041910539744,159.59612516479473,153.88812632914022,148.16150864178204,155.94634070068093,155.8448957518927,150.74406196341303,140.07000961245583,149.90080228417003,144.4755759157497,154.500853567987,straight
201,125.39999295058168,131.36106643826238,138.73032289222246,148.47649790343664,135.06898946637347,139.08638838834483,141.5575539597782,135.86940229537123,131.05397648671772,151.3247673472708,139.9387644581892,143.09910932823203,straight
202,147.0947570770121,160.4383505398946,160.10774294664455,151.26020470831196,150.7807533095154,165.82766229986802,157.90210788431125,156.89663784106935,148.9949244033251,156.74169530316453,153.51560918190205,161.99880309342748,straight
203,129.5027503042446,138.387154341173,143.38971895787822,146.49513711097336,137.40021446085666,145.56888045002512,146.88865803962798,140.7796747770831,131.82505943290704,147.480841391757,138.54708572036316,146.2951864237698,straight
204,144.05565552314573,145.03793846626107,150.5580613285615,159.87448910849923,150.01428593863898,148.89705911049882,156.0500060158492,142.19347005529553,121.90743418940743,134.67008553002572,125.95493226835445,143.79947304457778,straight
205,115.10456866523435,132.9833761253769,145.8758818418808,130.42607874009914,120.8329444773688,136.68468431789628,148.9263311728834,145.30381537569974,141.30291848990805,156.3896155355204,147.83328156421203,150.9377161192471,straight
206,138.50513513128112,147.99724495830927,153.434948822922,150.2551187030578,143.54528189530086,152.08627287815986,157.40431635942045,153.57878729776644,145.17207378368843,154.53785974466186,149.46236388841922,157.41332690290596,straight
207,137.39608517536325,141.9272181260092,142.12501634890182,153.7627659804547,146.29816017512832,151.3895403340348,145.94717074717693,140.7838708641571,133.7850501639637,151.4909297979858,141.77404674384903,147.67772581555735,straight
208,145.8326882949474,157.32821842729408,161.41828976774215,151.8708827099533,148.78084603602846,160.10001428556407,160.368767507189,154.81141331926946,141.76827150896176,148.5220930363132,144.67735141841445,157.1594646401302,straight
209,142.3750731216981,149.14172401522146,152.07908884681538,155.04095181220427,148.4675023425987,154.9923529963639,154.23623615302904,152.36547091494796,145.27639083927187,155.91218940912609,150.81002415676795,158.03275659318712,straight
210,141.67069322245064,150.9579825956387,155.46785004732487,151.92751306414704,146.29683030651177,154.9353371303779,158.1175259737222,152.8297342256772,141.00482286780982,149.20969131199445,144.70348155350783,155.91191505020535,straight
211,132.0114360048075,139.92775042451538,142.4046441179071,148.9259887364479,140.58601267072433,148.57788700992606,145.51081173689576,140.89675819649983,133.75492984431176,150.60672999644945,141.50970207064918,147.75278225170513,straight
212,122.90524292298791,134.65895772114115,137.12109639666144,141.34019174590992,133.21008939175394,145.61965527615513,144.04735148139576,144.2996808659198,141.8686912845874,158.95208480191008,150.24609858671022,153.031148135334,straight
213,146.95628790048605,155.98043382876128,157.60178106241904,154.66926766401707,151.24804838758777,160.78694552982864,160.91399079684854,158.1868591912255,153.35809336329902,162.1454516660808,157.40017905307056,161.80834389534283,straight
214,133.52744491930565,141.0639803274724,145.6845129007766,150.5612284716498,141.11166779123715,147.89423941849972,152.35038214506503,147.11964235103537,141.91409923966805,156.0079955953807,147.70458530180335,151.45131612304462,straight
